warehouse_id,region,revenue,inventory_value,units_sold,avg_lead_time,stockout_events,overstock_events,inventory_turnover_proxy
1,North,59643011.77,417832160.48,228594,8.49276164860375,6357,1093,0.0005470952732250056
2,South,58987332.97,418238199.35,226695,8.512954599477062,6298,1143,0.0005420236610436717
3,East,57643326.53,403672751.99,222303,8.491160398585663,6273,1034,0.000550701029247342
4,West,57470355.66,410063256.49,221498,8.555546538992129,6239,1065,0.0005401556869443667
5,Central,59846804.11,419414373.65,228490,8.55996514575412,6481,1078,0.0005447834274527611
6,North,58618860.86,409339333.94,225114,8.556195504359652,6405,1126,0.0005499447068358123
7,South,59284559.99,410183481.06,226610,8.43382235688088,6374,1067,0.0005524600830203896
8,East,57289698.28,406732879.3,221685,8.490186576205476,6301,1092,0.0005450383071600378
9,West,57735419.8,409808457.56,221393,8.494328309836332,6236,1085,0.000540235312170408
10,Central,59798569.89,419218283.99,228835,8.507829266354026,6405,1130,0.0005458612105894184
